,NMI_cluster/label,ARI_cluster/label,ASW_label,ASW_label/batch,cell_cycle_conservation,isolated_label_F1,isolated_label_silhouette,graph_conn,iLISI,cLISI,hvg_overlap,trajectory,Bio_Conservation_avg,Batch_Correction_avg,Final_Score,Time
scvi,0.584432695,0.256176439,0.483604375,0.785735528,0.687640943,0.323243861,0.756956101,0.786205025,0.018107132,0.994683922,0.452465962,0.929390393,0.607621632,0.530015895,0.576579337,582.3572228
scanvi,0.566056005,0.248375005,0.468069837,0.778921802,0.617514502,0.773743017,0.784810692,0.775228281,0.011249922,0.992526678,0.445335874,0.705196258,0.622403096,0.521800002,0.582161859,865.0216038
scanorama,0.681456114,0.469885033,0.508947651,0.876169109,0.780901539,0.255075022,0.802746058,0.816444132,0.068582963,0.990829473,0.284829725,0.685487797,0.606684268,0.587065401,0.598836721,503.1542625
combat,0.616564017,0.395026132,0.487086059,0.93041796,0.84622212,0.168831169,0.575105347,0.930016152,0.06302596,0.983148644,0.312828339,0.491931179,0.541860334,0.641153357,0.581577543,47.53593397
scgen,0.906016874,0.848332411,0.690506995,0.824029767,0.494408106,0.155627356,0.649973169,0.977479937,0.091746629,1,0.32847982,0.931390828,0.66719284,0.631085444,0.652749882,629.9021597
Seurat,0.489993054,0.325248241,0.469015878,0.873544647,0.432844051,0.044898474,0.566181816,0.770606002,0.172088098,0.937102752,0.356501258,0.526597737,0.460931473,0.605412916,0.51872405,12845.15 
ABC,0.905366683,0.771142918,0.586290441,0.84748001,0.620358517,0.998272884,0.847502619,0.976823418,0.105924144,1,0.255705179,0.821699861,0.7562599,0.643409191,0.711119616,1131.740324
AutoClass,0.747823786,0.583892831,0.454590987,0.803006514,0.58514603,0.25815096,0.869803965,0.895241601,0.041684356,0.999767062,0.425864195,0.332027987,0.584118645,0.57997749,0.582462183,782.4011714
